{
  "app_key": "application.generated.unity.projectpsi.exe",
  "bindings": {
    "/actions/buggy": {
      "chords": [],
      "poses": [],
      "haptics": [],
      "sources": [
        {
          "path": "/user/hand/left/input/thumbstick",
          "mode": "joystick",
          "parameters": {},
          "inputs": {
            "position": {
              "output": "/actions/buggy/in/steering"
            }
          }
        },
        {
          "path": "/user/hand/right/input/thumbstick",
          "mode": "joystick",
          "parameters": {},
          "inputs": {
            "position": {
              "output": "/actions/buggy/in/steering"
            }
          }
        },
        {
          "path": "/user/hand/left/input/trigger",
          "mode": "trigger",
          "parameters": {},
          "inputs": {
            "pull": {
              "output": "/actions/buggy/in/throttle"
            }
          }
        },
        {
          "path": "/user/hand/right/input/trigger",
          "mode": "trigger",
          "parameters": {},
          "inputs": {
            "pull": {
              "output": "/actions/buggy/in/throttle"
            }
          }
        },
        {
          "path": "/user/hand/left/input/a",
          "mode": "button",
          "parameters": {},
          "inputs": {
            "click": {
              "output": "/actions/buggy/in/brake"
            }
          }
        },
        {
          "path": "/user/hand/right/input/a",
          "mode": "button",
          "parameters": {},
          "inputs": {
            "click": {
              "output": "/actions/buggy/in/brake"
            }
          }
        },
        {
          "path": "/user/hand/left/input/b",
          "mode": "button",
          "parameters": {},
          "inputs": {
            "click": {
              "output": "/actions/buggy/in/reset"
            }
          }
        },
        {
          "path": "/user/hand/right/input/b",
          "mode": "button",
          "parameters": {},
          "inputs": {
            "click": {
              "output": "/actions/buggy/in/reset"
            }
          }
        }
      ],
      "skeleton": []
    },
    "/actions/default": {
      "chords": [],
      "poses": [
        {
          "output": "/actions/default/in/pose",
          "path": "/user/hand/left/pose/raw"
        },
        {
          "output": "/actions/default/in/pose",
          "path": "/user/hand/right/pose/raw"
        }
      ],
      "haptics": [
        {
          "output": "/actions/default/out/haptic",
          "path": "/user/hand/left/output/haptic"
        },
        {
          "output": "/actions/default/out/haptic",
          "path": "/user/hand/right/output/haptic"
        }
      ],
      "sources": [
        {
          "path": "/user/hand/left/input/trigger",
          "mode": "button",
          "parameters": {},
          "inputs": {
            "click": {
              "output": "/actions/default/in/trigger"
            }
          }
        },
        {
          "path": "/user/hand/left/input/grip",
          "mode": "force_sensor",
          "parameters": {},
          "inputs": {
            "force": {
              "output": "/actions/default/in/squeeze"
            }
          }
        },
        {
          "path": "/user/hand/left/input/grip",
          "mode": "grab",
          "parameters": {
            "force_hold_threshold": "0.02",
            "force_release_threshold": "0.01"
          },
          "inputs": {
            "grab": {
              "output": "/actions/default/in/grabgrip"
            }
          }
        },
        {
          "path": "/user/hand/left/input/pinch",
          "mode": "grab",
          "parameters": {
            "force_hold_threshold": "0.02",
            "force_release_threshold": "0.01"
          },
          "inputs": {
            "grab": {
              "output": "/actions/default/in/grabpinch"
            }
          }
        },
        {
          "path": "/user/hand/left/input/thumbstick",
          "mode": "joystick",
          "parameters": {},
          "inputs": {
            "position": {
              "output": "/actions/default/in/move"
            }
          }
        },
        {
          "path": "/user/hand/left/input/a",
          "mode": "button",
          "parameters": {},
          "inputs": {
            "click": {
              "output": "/actions/default/in/psi button"
            }
          }
        },
        {
          "path": "/user/hand/right/input/a",
          "mode": "button",
          "parameters": {},
          "inputs": {
            "click": {
              "output": "/actions/default/in/psi button"
            }
          }
        },
        {
          "path": "/user/hand/right/input/grip",
          "mode": "force_sensor",
          "parameters": {},
          "inputs": {
            "force": {
              "output": "/actions/default/in/squeeze"
            }
          }
        },
        {
          "path": "/user/hand/right/input/grip",
          "mode": "grab",
          "parameters": {},
          "inputs": {
            "grab": {
              "output": "/actions/default/in/grabgrip"
            }
          }
        },
        {
          "path": "/user/hand/right/input/pinch",
          "mode": "grab",
          "parameters": {},
          "inputs": {
            "grab": {
              "output": "/actions/default/in/grabpinch"
            }
          }
        },
        {
          "path": "/user/hand/right/input/trigger",
          "mode": "button",
          "parameters": {},
          "inputs": {
            "click": {
              "output": "/actions/default/in/trigger"
            }
          }
        },
        {
          "path": "/user/hand/right/input/thumbstick",
          "mode": "dpad",
          "parameters": {
            "sub_mode": "touch"
          },
          "inputs": {
            "east": {
              "output": "/actions/default/in/snapturnright"
            },
            "north": {
              "output": "/actions/default/in/teleport"
            },
            "west": {
              "output": "/actions/default/in/snapturnleft"
            }
          }
        },
        {
          "path": "/user/hand/left/input/trigger",
          "mode": "button",
          "parameters": {},
          "inputs": {
            "click": {
              "output": "/actions/default/in/interactui"
            }
          }
        },
        {
          "path": "/user/hand/right/input/trigger",
          "mode": "button",
          "parameters": {},
          "inputs": {
            "click": {
              "output": "/actions/default/in/interactui"
            }
          }
        }
      ],
      "skeleton": [
        {
          "output": "/actions/default/in/skeletonlefthand",
          "path": "/user/hand/left/input/skeleton/left"
        },
        {
          "output": "/actions/default/in/skeletonrighthand",
          "path": "/user/hand/right/input/skeleton/right"
        }
      ]
    },
    "/actions/platformer": {
      "chords": [],
      "poses": [],
      "haptics": [],
      "sources": [
        {
          "path": "/user/hand/left/input/thumbstick",
          "mode": "joystick",
          "parameters": {},
          "inputs": {
            "position": {
              "output": "/actions/platformer/in/move"
            }
          }
        },
        {
          "path": "/user/hand/right/input/thumbstick",
          "mode": "joystick",
          "parameters": {},
          "inputs": {
            "position": {
              "output": "/actions/platformer/in/move"
            }
          }
        },
        {
          "path": "/user/hand/left/input/trigger",
          "mode": "button",
          "parameters": {},
          "inputs": {
            "click": {
              "output": "/actions/platformer/in/jump"
            }
          }
        },
        {
          "path": "/user/hand/right/input/trigger",
          "mode": "button",
          "parameters": {},
          "inputs": {
            "click": {
              "output": "/actions/platformer/in/jump"
            }
          }
        }
      ],
      "skeleton": []
    }
  },
  "controller_type": "knuckles",
  "description": "",
  "name": "Knuckles Bindings"
}